code;libelle français;libelle anglais
A01G;"DRFIP ET DDFIP";"DRFiP/DDFiP"
A124;"Maison de justice et du droit";"House of Justice and Law"
A125;"Antenne de justice";"Antenna of Justice"
A126;"Conseil départemental d’accès au droit";"Departmental Council for Access to Law (CDAD)"
A206;"Bureau de poste";"Post Office"
A02G;"POLICE, GENDARMERIE";"POLICE, GENDARMERIE"
A207;"Relais poste";"Post relay"
A303;"Location auto-utilitaires légers";"Light utility vehicle rental"
A129;"Mairie";"City hall"
A304;"École de conduite";"Driving school"
A404;"Plombier couvreur chauffagiste";"Plumber roofer heating engineer"
A105;"Cour d’appel";"Court of Appeal (CA)"
A208;"Agence postale";"Postal agency"
A405;"Électricien";"Electrician"
A108;"Conseil de prud’hommes";"Industrial tribunal (CPH)"
A503;"Agence de travail temporaire";"Temporary employment agency"
A203;"Banque, caisse dՎpargne";"Bank, savings bank"
A401;"Maçon";"Mason"
A504;"Restaurant- restauration rapide";"Fast food restaurant"
B103;"Grande surface de bricolage";"Large DIY area"
A301;"Réparation automobile et de matériel agricole";"Automotive and agricultural equipment repair"
A406;"Entreprise générale du bâtiment";"General building company"
B104;"Hypermarché et grand magasin";"Hypermarket and department store"
A109;"Tribunal de commerce";"Commercial Court (TCO)"
B204;"Boucherie charcuterie";"Butchery and delicatessen"
A205;"Services funéraires";"Funeral services"
A505;"Agence immobilière";"Real estate agency"
B209;"Commerce de boissons";"Beverage trade"
A402;"Plâtrier peintre";"Plasterer painter"
B205;"Produits surgelés";"Frozen products"
A501;"Coiffure";"Hairdressing"
A302;"Contrôle technique automobile";"Automotive technical inspection"
B105;"Supermarché et magasin multi-commerce";"Supermarket and multi-commerce store"
B306;"Magasin de meubles";"Furniture store"
B210;"Autres commerces alimentaires";"Other food businesses"
A506;"Pressing-laverie automatique";"Laundromat"
B307;"Magasin d’articles de sports et de loisirs";"Sports and leisure goods store"
B311;"Horlogerie-bijouterie";"Watchmaking and jewelry"
A502;"Vétérinaire";"Veterinarian"
A403;"Menuisier charpentier serrurier";"Carpenter carpenter locksmith"
B317;"Commerce de tissus et mercerie";"Trade of fabrics and haberdashery"
B312;"Fleuriste-jardinerie-animalerie";"Florist-gardener-pet store"
A507;"Institut de beauté-onglerie";"Beauty and nail salon"
B206;"Poissonnerie";"Fish shop"
B201;"Supérette";"Convenience store"
B302;"Magasin de vêtements";"Clothing store"
B308;"Magasin de revêtements murs et sols";"Wall and floor coverings store"
B322;"Magasin de matériels de télécommunication";"Telecommunications equipment store"
B318;"Commerce de jeux et jouets";"Games and toys trade"
B309;"Droguerie quincaillerie bricolage";"DIY hardware store"
B313;"Magasin d’optique";"Optical store"
B323;"Commerce de biens d’occasion";"Trade in second-hand goods"
D101;"Établissement de soins de courte durée";"Short stay health establishment"
D106;"Urgences";"Emergencies"
D107;"Maternité";"Maternity"
B319;"Maroquinerie et articles de voyage";"Leather goods and travel items"
B202;"Épicerie";"Grocery store"
B303;"Magasin dՎquipements du foyer";"Home equipment store"
D112;"Hospitalisation à domicile";"Hospitalization at home"
D102;"Établissement de soins de suite et de réadaptation";"Medium stay health establishment"
B324;"Librairie";"Library"
B207;"Boulangerie-pâtisserie";"Bakery pastry"
B310;"Parfumerie-cosmétique";"Perfumery-cosmetics"
D254;"Spécialiste en chirurgie orthopédique, plastique et traumatologique";"Specialist in Orthopedic, Plastic, and Traumatologic Surgery"
D108;"Centre de santé";"Health center"
D113;"Maison de santé pluridisciplinaire";"Multidisciplinary health center"
B320;"Commerce de combustibles domestiques";"Trade in domestic fuels"
D262;"Urologue, néphrologue";"Urologist, Nephrologist"
D255;"Endocrinologue";"Endocrinologist"
B325;"Papeterie et presse";"Stationery and press"
D269;"Spécialiste en psychiatrie";"Psychiatry Specialist"
B304;"Magasin de chaussures";"Shoe shop"
D103;"Établissement de soins de longue durée";"Long-stay health establishment"
D265;"Médecin généraliste";"General Practitioner"
D109;"Structure psychiatrique en ambulatoire";"Outpatient psychiatric structure"
B208;"Commerce spécialisé en fruits et légumes";"Trade specializing in fruit and vegetables"
D251;"Allergologue";"Allergist"
D274;"Spécialiste en radiodiagnostic et imagerie médicale";"Specialist in Radiodiagnosis and Medical Imaging"
D256;"Gériatre";"Geriatrician"
D270;"Spécialiste en ophtalmologie";"Ophthalmology Specialist"
D252;"Anesthésiste-réanimateur";"Anesthesiologist-Intensivist"
D279;"Masseur kinésithérapeute";"Physiotherapist "
D104;"Établissement psychiatrique";"Psychiatric facility"
D275;"Spécialiste en stomatologie";"Stomatology Specialist"
D110;"Centre de médecine préventive";"Preventive medicine center"
C303;"Lycée d’enseignement technique et/ou professionnel agricole";"High school for technical and/or professional agricultural education"
B315;"Magasin de matériel médical et orthopédique";"Medical and orthopedic equipment store"
D401;"Personnes âgées : hébergement";"Elderly people: accommodation"
D105;"Centre de lutte contre le cancer";"Cancer center"
D276;"Spécialiste en gynécologie médicale et/ou obstétrique";"Specialist in Medical and/or Obstetric Gynecology"
B321;"Magasin électroménager, matériel audio vidéo informatique";"Household appliances store, computer audio video equipment"
D257;"Hématologue";"Hematologist"
D271;"Spécialiste en oto-rhino-laryngologie";"Otorhinolaryngology Specialist"
D266;"Spécialiste en cardiologie";"Cardiology Specialist"
D253;"Spécialiste en chirurgie générale";"General Surgery Specialist"
D258;"Spécialiste en médecine physique et de réadaptation";"Specialist in Physical Medicine and Rehabilitation"
D402;"Personnes âgées : soins à domicile";"Elderly people: home care"
C505;"École d’enseignement supérieur agricole";"School of higher agricultural education"
D277;"Chirurgien dentiste";"Dental Surgeon"
D280;"Pédicure-podologue";"Chiropodist-Podiatrist"
D602;"Enfants handicapés : services à domicile ou ambulatoires";"Disabled children: home or outpatient services"
D259;"Neurologue";"Neurologist"
D267;"Spécialiste en dermatologie vénéréologie";"Specialist in Dermatology and Venereology"
D603;"Adultes handicapés : accueil/hébergement";"Disabled adults: reception/accommodation"
D272;"Spécialiste en pédiatrie";"Pediatrics Specialist"
D111;"Dialyse";"Dialysis"
B316;"Station-service";"Gas station"
D702;"Protection de l’enfance : action éducative";"Child protection - educational action"
D703;"Centre d’hébergement et de réinsertion sociale";"Chrs: accommodation and social reintegration center"
D278;"Sage-femme";"Midwife"
D502;"Établissement d’accueil du jeune enfant";"Child care establishment (ECJE)"
D302;"Laboratoire d analyses et de biologie médicale";"Medical analysis and biology laboratory"
D261;"Rhumatologue";"Rheumatologist"
D268;"Spécialiste en gastro-entérologie hépatologie";"Specialist in Gastroenterology and Hepatology"
D273;"Spécialiste en pneumologie";"Pulmonology Specialist"
D605;"Travail protégé";"Protected work"
F101;"Bassin de natation";"Swimming pool"
D303;"Ambulance";"Ambulance"
D601;"Enfants handicapés : hébergement";"Disabled children: accommodation"
D606;"Adultes handicapés : services de soins à domicile";"Disabled adults: home care services"
F102;"Boulodrome";"Boulodrome"
D704;"Centre provisoire d’hébergement";"Temporary accommodation center"
F108;"Terrain de golf";"Golf field"
D705;"Centre d'accueil de demandeurs d’asile";"Asylum seeker reception center"
F114;"Salles de combat";"Battle Rooms"
D304;"Transfusion sanguine";"Blood transfusion"
D701;"Protection de l’enfance : hébergement";"Child protection - accommodation"
F109;"Parcours sportif/santé";"Sports/health course"
F127;"Structure artificielle d’escalade";"Artificial Climbing Structure"
F103;"Tennis";"Tennis"
F116;"Salles non spécialisées";"Non-specialized rooms"
E01G;"GARES";"Stations"
D305;"Établissement thermal";"Thermal establishment"
G102;"Hôtel";"Hotel"
F129;"Salles spécialisées";"Specialized Rooms"
F119;"Bowling";"Bowling"
F110;"Sports de glace";"Ice sports"
G103;"Camping";"Camping"
E101;"Taxi-vtc";"Taxi-vtc"
F130;"Skatepark & vélo-freestyle";"Skatepark & BMX/Freestyle Bike Park"
F106;"Centre équestre";"Riding stable"
F120;"Salles de remise en forme";"Fitness rooms"
F111;"Plateaux et terrains de jeux extérieurs";"Outdoor platforms and playgrounds"
G104;"Information touristique";"Tourist information"
E102;"Aéroport";"Airport"
F307;"Bibliothèque";"Library"
F121;"Salles multisports, gymnases";"Multisports halls (gymnasiums)"
F113;"Terrains de grands jeux";"Playgrounds"
G101;"Agence de voyage";"Travel agency"
F107;"Athlétisme";"Athletics"